Môn,Tiết,Chuyên đề,Trạng thái,Ngày học,Kết quả tự kiểm tra,Lỗi cần ôn
GT,GT01,Chẩn đoán nền,Chưa học,,,
GT,GT02,Ngoặc và phân thức,Chưa học,,,
GT,GT03,Lượng giác cần dùng,Chưa học,,,
GT,GT04,"Hàm, đồ thị, dãy",Chưa học,,,
GT,GT05,Giới hạn trực tiếp,Chưa học,,,
GT,GT06,0/0 bằng nhân tử,Chưa học,,,
GT,GT07,0/0 bằng liên hợp,Chưa học,,,
GT,GT08,Vô cực và một phía,Chưa học,,,
GT,GT09,Giới hạn sin,Chưa học,,,
GT,GT10,Giới hạn tan và cos,Chưa học,,,
GT,GT11,Giới hạn mũ và log,Chưa học,,,
GT,GT12,Vô cùng bé tương đương,Chưa học,,,
GT,GT13,Test giới hạn,Chưa học,,,
GT,GT14,Liên tục và tham số,Chưa học,,,
GT,GT15,Định nghĩa đạo hàm,Chưa học,,,
GT,GT16,Quy tắc đạo hàm,Chưa học,,,
GT,GT17,Đạo hàm hàm hợp,Chưa học,,,
GT,GT18,Đạo hàm cấp cao và hàm ẩn,Chưa học,,,
GT,GT19,L’Hôpital có điều kiện,Chưa học,,,
GT,GT20,Định lý giá trị trung bình,Chưa học,,,
GT,GT21,Đơn điệu,Chưa học,,,
GT,GT22,Cực trị và GTLN/GTNN,Chưa học,,,
GT,GT23,Lồi lõm và khảo sát,Chưa học,,,
GT,GT24,Bài toán tối ưu,Chưa học,,,
GT,GT25,Nguyên hàm,Chưa học,,,
GT,GT26,Tích phân xác định,Chưa học,,,
GT,GT27,Đổi biến,Chưa học,,,
GT,GT28,Từng phần,Chưa học,,,
GT,GT29,Tích phân hữu tỉ và lượng giác,Chưa học,,,
GT,GT30,Ứng dụng tích phân,Chưa học,,,
GT,GT31,Đề tự luyện tổng hợp 1,Chưa học,,,
GT,GT32,Đề tự luyện tổng hợp 2,Chưa học,,,
VL,VL01,SI và kiểm tra đơn vị,Chưa học,,,
VL,VL02,Vector và chiếu trục,Chưa học,,,
VL,VL03,Đồ thị x–v–a,Chưa học,,,
VL,VL04,Chuyển động thẳng và rơi,Chưa học,,,
VL,VL05,Ném và chuyển động phẳng,Chưa học,,,
VL,VL06,Chuyển động tròn,Chưa học,,,
VL,VL07,Newton và sơ đồ lực,Chưa học,,,
VL,VL08,Ma sát và mặt nghiêng,Chưa học,,,
VL,VL09,Hệ vật và liên kết,Chưa học,,,
VL,VL10,Công và công suất,Chưa học,,,
VL,VL11,Động năng và định lý công,Chưa học,,,
VL,VL12,Thế năng và cơ năng,Chưa học,,,
VL,VL13,Động lượng và xung lượng,Chưa học,,,
VL,VL14,Va chạm,Chưa học,,,
VL,VL15,Test cơ học nền,Chưa học,,,
VL,VL16,Mômen và cân bằng,Chưa học,,,
VL,VL17,Quay vật rắn,Chưa học,,,
VL,VL18,Dao động,Chưa học,,,
VL,VL19,Nhiệt độ và nhiệt lượng,Chưa học,,,
VL,VL20,Khí lý tưởng,Chưa học,,,
VL,VL21,Các quá trình khí,Chưa học,,,
VL,VL22,Nguyên lý I nhiệt động lực học,Chưa học,,,
VL,VL23,Động cơ nhiệt và nguyên lý II,Chưa học,,,
VL,VL24,Sai số đo,Chưa học,,,
VL,VL25,Bảng dữ liệu và đồ thị,Chưa học,,,
VL,VL26,Viết báo cáo thực hành,Chưa học,,,
VL,VL27,Đề tự luyện cơ–nhiệt,Chưa học,,,
VL,VL28,Ôn tổng hợp và lỗi,Chưa học,,,
IT,IT01,Chẩn đoán và tổng quan,Chưa học,,,
IT,IT02,"Bit, byte, hệ đếm",Chưa học,,,
IT,IT03,Mã hóa dữ liệu,Chưa học,,,
IT,IT04,CPU và bộ nhớ,Chưa học,,,
IT,IT05,Hệ điều hành và file,Chưa học,,,
IT,IT06,Mạng và Internet,Chưa học,,,
IT,IT07,Web và dịch vụ số,Chưa học,,,
IT,IT08,An toàn số,Chưa học,,,
IT,IT09,"Nghề nghiệp, đạo đức và xã hội",Chưa học,,,
IT,IT10,Thuật toán và lưu đồ,Chưa học,,,
IT,IT11,Linux: đường dẫn và file,Chưa học,,,
IT,IT12,Linux: quyền và quy trình,Chưa học,,,
IT,IT13,Python: biến và dữ liệu,Chưa học,,,
IT,IT14,Python: điều kiện,Chưa học,,,
IT,IT15,Python: vòng lặp,Chưa học,,,
IT,IT16,Python: hàm và danh sách,Chưa học,,,
IT,IT17,Dữ liệu file/CSV,Chưa học,,,
IT,IT18,Lab theo đề lớp,Chưa học,,,
IT,IT19,Chuyển đổi số và xu hướng công nghệ,Chưa học,,,
IT,IT20,Ôn nền + thực hành,Chưa học,,,
PL,PL01,Nhà nước: nguồn gốc và bản chất,Chưa học,,,
PL,PL02,Chức năng và hình thức nhà nước,Chưa học,,,
PL,PL03,Bộ máy nhà nước,Chưa học,,,
PL,PL04,Pháp luật: khái niệm và đặc trưng,Chưa học,,,
PL,PL05,Quy phạm pháp luật,Chưa học,,,
PL,PL06,Văn bản và hiệu lực,Chưa học,,,
PL,PL07,Quan hệ pháp luật,Chưa học,,,
PL,PL08,Vi phạm pháp luật,Chưa học,,,
PL,PL09,Trách nhiệm pháp lý,Chưa học,,,
PL,PL10,Hiến pháp và quyền cơ bản,Chưa học,,,
PL,PL11,Pháp luật hành chính,Chưa học,,,
PL,PL12,Dân sự: tài sản và chủ thể,Chưa học,,,
PL,PL13,Hợp đồng và nghĩa vụ,Chưa học,,,
PL,PL14,Lao động,Chưa học,,,
PL,PL15,Hình sự,Chưa học,,,
PL,PL16,Hôn nhân gia đình,Chưa học,,,
PL,PL17,Phòng chống tham nhũng,Chưa học,,,
PL,PL18,Test tổng hợp và sửa bẫy,Chưa học,,,
EN,EN01,Chẩn đoán nghe–ngữ pháp–từ vựng–đọc,Chưa học,,,
EN,EN02,"To be, đại từ, sở hữu",Chưa học,,,
EN,EN03,Hiện tại đơn,Chưa học,,,
EN,EN04,Hiện tại tiếp diễn,Chưa học,,,
EN,EN05,Quá khứ đơn,Chưa học,,,
EN,EN06,Tương lai nền,Chưa học,,,
EN,EN07,Mạo từ và lượng từ,Chưa học,,,
EN,EN08,So sánh và từ loại,Chưa học,,,
EN,EN09,Giới từ và liên từ,Chưa học,,,
EN,EN10,Modal verbs,Chưa học,,,
EN,EN11,V-ing/to-V,Chưa học,,,
EN,EN12,Test ngữ pháp nền,Chưa học,,,
EN,EN13,Hiện tại hoàn thành,Chưa học,,,
EN,EN14,Bị động,Chưa học,,,
EN,EN15,Mệnh đề quan hệ,Chưa học,,,
EN,EN16,Điều kiện và cấu trúc mở rộng,Chưa học,,,
EN,EN17,"Nghe số, giờ, ngày và thông tin",Chưa học,,,
EN,EN18,Nghe hội thoại và ý chính,Chưa học,,,
EN,EN19,Đọc tìm chi tiết,Chưa học,,,
EN,EN20,Đọc điền từ và từ vựng,Chưa học,,,
EN,EN21,Đề tự luyện A,Chưa học,,,
EN,EN22,Sửa đề A,Chưa học,,,
EN,EN23,Đề tự luyện B,Chưa học,,,
EN,EN24,Sửa đề B và chuẩn bị thi,Chưa học,,,
