STT,Mã học phần,Tên học phần,Khối KT,Số tín học phần,Số tín học phí,Điều kiện ràng buộc,Học kỳ dự kiến,Học kỳ thực tế,LT,TH
1,FFS703080,Giải tích 1,A1,3,3,,2026_2027_1(1),"2026_2027_1,5(1)",45,0
2,CSE702040,Nhập môn Công nghệ thông tin,A1,2,4,,2026_2027_1(1),,15,30
3,FFS702001,Pháp luật đại cương,A1,2,2,,2026_2027_1(1),,30,0
4,FEL702075,Tiếng anh cơ bản 1,A1,2,3,Tiên quyết(Tiếng Anh bổ trợ),2026_2027_1(1),,0,60
5,FFS703013,Vật lý 1,A1,3,3.25,,2026_2027_1(1),,37.5,15
6,FFS703007,Đại số tuyến tính,A1,3,3,,2026_2027_2(2),,45,0
7,FEL703076,Tiếng anh cơ bản 2,A1,3,4.5,,2026_2027_2(2),,0,90
8,FFS703002,Triết học Mác - Lê nin,A1,3,3,,2026_2027_2(2),,45,0
9,FFS703010,Lý thuyết xác suất thống kê,A1,3,3,,2026_2027_3(3),,45,0
10,FEL703077,Tiếng anh cơ bản 3,A1,3,4.5,,2026_2027_3(3),,0,90
11,FFS702003,Kinh tế chính trị Mác - Lênin,A1,2,2,Học trước(Triết học Mác - Lê nin),2027_2028_1(4),,30,0
12,FEL703078,Tiếng anh nâng cao 1,A1,3,4.5,,2027_2028_1(4),,0,90
13,FEL703079,Tiếng anh nâng cao 2,A1,3,4.5,,2027_2028_2(5),,0,90
14,FFS702004,Chủ nghĩa xã hội khoa học,A1,2,2,Học trước(Kinh tế chính trị Mác - Lênin),2027_2028_3(6),,30,0
15,FEL702080,Tiếng anh nâng cao 3,A1,2,3,,2027_2028_3(6),,0,60
16,FFS702005,Lịch sử Đảng cộng sản Việt Nam,A1,2,2,Học trước(Chủ nghĩa xã hội khoa học),2028_2029_1(7),,30,0
17,FFS702006,Tư tưởng Hồ Chí Minh,A1,2,2,Học trước(Chủ nghĩa xã hội khoa học),2028_2029_3(9),,30,0
18,CSE703107,Cơ sở lập trình,B1,3,3.5,,2026_2027_2(2),,30,30
19,CSE703006,Cấu trúc dữ liệu và thuật toán,B1,3,3.5,"Học trước(Cơ sở lập trình), Tiên quyết(Nhập môn Công nghệ thông tin)",2026_2027_3(3),,30,30
20,CSE703029,Lập trình hướng đối tượng,B1,3,3.5,Tiên quyết(Cơ sở lập trình),2027_2028_1(4),,30,30
21,CSE702028,Lập trình cho trí tuệ nhân tạo,B1,2,2.5,Tiên quyết(Cơ sở lập trình),2027_2028_1(4),,15,30
22,CSE703024,Toán rời rạc,B1,3,3,Học trước(Đại số tuyến tính),2026_2027_3(3),,45,0
23,CSE703008,Cơ sở dữ liệu,B1,3,3.5,,2027_2028_2(5),,30,30
24,CSE703023,Kiến trúc máy tính,B1,3,3.5,,2027_2028_2(5),,30,30
25,CSE703004,An toàn và bảo mật thông tin,B1,3,3.5,"Học trước(Đại số tuyến tính,Lý thuyết xác suất thống kê)",2027_2028_2(5),,30,30
26,CSE702036,Mạng máy tính,B1,2,2,Tiên quyết(Lập trình hướng đối tượng),2027_2028_3(6),,30,0
27,CSE703041,Nhập môn trí tuệ nhân tạo,B1,3,3.5,Tiên quyết(Cấu trúc dữ liệu và thuật toán),2027_2028_3(6),,30,30
28,CSE703020,Học máy,B1,3,3,"Học trước(Lý thuyết xác suất thống kê), Tiên quyết(Đại số tuyến tính)",2028_2029_1(7),,45,0
29,CSE702025,Kỹ thuật phần mềm,B1,2,2.25,Học trước(Cơ sở lập trình),2028_2029_1(7),,22.5,15
30,CSE703054,Tích hợp và phân tích dữ liệu lớn,B1,3,3.5,"Học trước(Cấu trúc dữ liệu và thuật toán), Tiên quyết(Cơ sở dữ liệu)",2028_2029_2(8),,30,30
31,CSE703090,Phân tích và thiết kế thuật toán,B2,3,3,Tiên quyết(Cấu trúc dữ liệu và thuật toán),2027_2028_3(6),,45,0
32,CSE703052,Thuật toán ứng dụng,B2,3,3.5,Học trước(Toán rời rạc),2027_2028_3(6),,30,30
33,FBE702001,Quản trị học,C1,2,2,,2027_2028_1(4),,30,0
34,CSE702117,Kỹ năng viết và thuyết trình bằng Tiếng Anh,C1,2,2.5,Tiên quyết(Tiếng anh cơ bản 1),2028_2029_1(7),,15,30
35,FTS702003,"Kỹ năng đàm phán, thương lượng",C2,2,2.5,,2028_2029_2(8),,15,30
36,FTS702001,Kỹ năng khởi nghiệp và lãnh đạo,C2,2,2.5,,2028_2029_2(8),,15,30
37,FTS702002,Kỹ năng quản lý dự án,C2,2,2.5,,2028_2029_2(8),,15,30
38,FTS702004,Kỹ năng tư duy sáng tạo và phản biện,C2,2,2.5,,2028_2029_2(8),,15,30
39,CSE702022,Khai phá dữ liệu,D1,2,2,"Học trước(Đại số tuyến tính), Tiên quyết(Cấu trúc dữ liệu và thuật toán)",2028_2029_1(7),,30,0
40,CSE703037,Mạng nơron và học sâu,D1,3,3.5,"Học trước(Lý thuyết xác suất thống kê), Tiên quyết(Học máy)",2028_2029_3(9),,30,30
41,CSE703047,Phân tích thống kê dữ liệu,D1,3,3,,2028_2029_2(8),,45,0
42,CSE703176,Xử lý ảnh,D1,3,3.5,,2028_2029_2(8),,,
43,CSE703065,Xử lý ngôn ngữ tự nhiên,D1,3,3,"Học trước(Đại số tuyến tính), Tiên quyết(Lý thuyết xác suất thống kê)",2028_2029_2(8),,,
44,CSE702140,Các chủ đề mới nổi trong trí tuệ nhân tạo,D2,2,2,Tiên quyết(Nhập môn trí tuệ nhân tạo),"2029_2030_2;2029_2030_1;2028_2029_3(11,10,9)",,,
45,CSE702139,Đạo đức trong Trí tuệ nhân tạo và Khoa học dữ liệu,D2,2,2,Tiên quyết(Nhập môn trí tuệ nhân tạo),"2029_2030_2;2029_2030_1;2028_2029_3(11,10,9)",,,
46,CSE702011,Điện toán đám mây,D2,2,2.5,,"2029_2030_2;2029_2030_1;2028_2029_3(11,10,9)",,,
47,CSE702141,Thiết kế sản phẩm Trí tuệ nhân tạo,D2,2,2.5,,"2029_2030_2;2029_2030_1;2028_2029_3(11,10,9)",,,
48,CSE703081,Học máy nâng cao,D2,3,3,Tiên quyết(Học máy),2029_2030_1(10),,,
49,CSE703138,Học tăng cường và lập kế hoạch,D2,3,3.5,Tiên quyết(Học máy),2029_2030_1(10),,,
50,CSE703045,Phân tích dữ liệu đồ thị,D2,3,3,Tiên quyết(Học máy),2029_2030_1(10),,,
51,CSE703056,Tính toán lượng tử cho học máy,D2,3,3,,2029_2030_1(10),,,
52,CSE703057,Tối ưu hóa,D2,3,3,Tiên quyết(Đại số tuyến tính),2029_2030_1(10),,,
53,CSE702044,Phân tích dữ liệu chuỗi thời gian,D2.1,2,2,Tiên quyết(Khai phá dữ liệu),2028_2029_3(9),,,
54,CSE703142,Phân tích dữ liệu doanh nghiệp,D2.1,3,3,,2029_2030_1(10),,,
55,CSE702083,Nhập môn Vận trù học,D2.1,2,2,"Tiên quyết(Đại số tuyến tính,Toán rời rạc)",2029_2030_2(11),,,
56,CSE702060,Trực quan hoá dữ liệu,D2.2,2,2.25,,2028_2029_3(9),,,
57,CSE703143,Thị giác máy tính,D2.2,3,3.5,,2029_2030_1(10),,,
58,CSE702062,Ứng dụng AI trong nghệ thuật,D2.2,2,2.5,Tiên quyết(Mạng nơron và học sâu),2029_2030_2(11),,,
59,CSE702145,Mạng ngữ nghĩa,D2.3,2,2.5,,2028_2029_3(9),,,
60,CSE703042,Xử lý ngôn ngữ tự nhiên nâng cao,D2.3,3,3.5,Tiên quyết(Xử lý ngôn ngữ tự nhiên),2029_2030_1(10),,,
61,CSE702144,Phân tích và khai phá mạng xã hội,D2.3,2,2.5,,2029_2030_2(11),,,
62,CSE702146,Đồ án cơ sở TTNT,E1,2,4,,2028_2029_3(9),,,
63,CSE703014,Đồ án liên ngành,E1,3,6,,2029_2030_1(10),,,
64,CSE704171,Thực tập tốt nghiệp,E1,4,10,,2029_2030_2(11),,,
65,CSE710172,Đồ án tốt nghiệp,E2,10,25,Tiên quyết(Đồ án liên ngành),2029_2030_3(12),,,
66,FFS708066,Giáo dục quốc phòng - an ninh,F1,8,8,,2026_2027_1(1),,,
67,FFS701072,Chạy 1,F2.1,1,1.5,,2026_2027_1(1),,,
68,FFS701081,Thể dục cơ bản,F2.1,1,1.5,,2026_2027_1(1),,,
69,FFS701082,Thể dục Phát triển chung,F2.2,1,1.5,,2026_2027_1(1),,,
70,FFS701074,Chạy 2,F2.2,1,1.5,Học trước(Chạy 1),2026_2027_1(1),,,
71,FFS701073,Aerobic,F2.3,1,1.5,,2026_2027_1(1),,,
72,FFS701068,Bóng chuyền,F2.3,1,1.5,,2026_2027_1(1),,,
73,FFS701069,Bóng đá,F2.3,1,1.5,,2026_2027_1(1),,,
74,FFS701067,Bóng rổ,F2.3,1,1.5,,2026_2027_1(1),,,
75,FFS701070,Cầu lông,F2.3,1,1.5,,2026_2027_1(1),,,
76,FFS701071,Pickleball,F2.3,1,1.5,,2026_2027_1(1),,,
77,FEL704000,Tiếng Anh bổ trợ,F3,4,4,,2026_2027_1(1),,,
78,DT00001,Kiểm tra năng lực tiếng Anh đầu khóa,,0,0,,2026_2027_1(1),,,
